id;username;first_name;last_name;birthday;gender;degree;field;resume;stars;image;image_content_type;busy
1;Money Market Account New Jersey;Casandra;Romaguera;2020-10-13;MALE;Minnesota redundant Fantastic;Small payment;../fake-data/blob/hipster.txt;5419;../fake-data/blob/hipster.png;image/png;true
2;end-to-end SCSI;Edgardo;Hauck;2020-10-14;MALE;Cloned Licensed Devolved;JBOD;../fake-data/blob/hipster.txt;45917;../fake-data/blob/hipster.png;image/png;true
3;Gibraltar Pound dedicated;Juliet;McClure;2020-10-14;MALE;Web Liaison compressing;Visionary;../fake-data/blob/hipster.txt;51777;../fake-data/blob/hipster.png;image/png;false
4;Specialist;Troy;Zieme;2020-10-14;MALE;black;intangible;../fake-data/blob/hipster.txt;11933;../fake-data/blob/hipster.png;image/png;false
5;Re-contextualized pink;Destany;Terry;2020-10-13;MALE;Polarised collaborative;streamline;../fake-data/blob/hipster.txt;21972;../fake-data/blob/hipster.png;image/png;false
6;e-business;Kara;Ortiz;2020-10-14;MALE;SQL Automotive;holistic;../fake-data/blob/hipster.txt;24110;../fake-data/blob/hipster.png;image/png;true
7;deposit teal;Clint;Bogan;2020-10-13;MALE;Chicken;Mauritania revolutionary;../fake-data/blob/hipster.txt;37598;../fake-data/blob/hipster.png;image/png;false
8;impactful Jamaican Dollar Idaho;Akeem;O'Connell;2020-10-13;MALE;parse program;Colorado B2B;../fake-data/blob/hipster.txt;98764;../fake-data/blob/hipster.png;image/png;false
9;communities Future customer loyalty;Sharon;Miller;2020-10-13;FEMALE;wireless syndicate Games;Cloned District Generic;../fake-data/blob/hipster.txt;9878;../fake-data/blob/hipster.png;image/png;false
10;Profound Markets calculating;Mabel;Reichert;2020-10-13;FEMALE;Bedfordshire alarm;optimize indigo engineer;../fake-data/blob/hipster.txt;17080;../fake-data/blob/hipster.png;image/png;true
